transaction_id,sender_customer_id,sender_account_id,sender_vpa,receiver_vpa,receiver_customer_id,receiver_type,amount,currency,transaction_type,timestamp,status,channel,device_id,location_id,upi_app,is_fraud
T10304,C1054,A2054,ritika464@upi,simran321@oksbi,C1074,customer,3219.89,INR,P2P,25-03-2026 20:50,failed,intent,D1083,L7844,GPay,0
T10380,C1048,A2048,meena495@oksbi,oilstopco2@upi,,merchant,435.35,INR,P2M,07-04-2026 22:40,success,mobile_app,D7693,L3391,GPay,0
T10374,C1033,A2033,simran143@ybl,bitswap18@upi,,merchant,208.34,INR,P2M,19-03-2026 23:08,success,mobile_app,D4010,L8264,PhonePe,0
T10018,C1054,A2054,ritika464@upi,sunita92@upi,C1007,customer,4990.52,INR,P2P,26-03-2026 16:40,success,mobile_app,D7819,L6241,Paytm,1
T10369,C1022,A2022,arun836@okicici,deepa120@okicici,C1075,customer,173.55,INR,P2P,24-03-2026 02:53,success,QR,D9941,L7943,BHIM,0
T10438,C1003,A2003,sunita6@ybl,suresh150@oksbi,C1014,customer,3856.44,INR,collect_request,01-04-2026 11:44,success,mobile_app,D3992,L5187,GPay,0
T10137,C1049,A2049,kavita943@oksbi,anjali628@okaxis,C1041,customer,254.59,INR,P2P,31-03-2026 21:55,pending,intent,D5314,L9918,PhonePe,0
T10014,C1009,A2009,sachin13@ybl,mule734@okaxis,,customer,4075.69,INR,P2P,23-03-2026 03:44,success,intent,D9336,L1042,GPay,1
T10288,C1002,A2002,ritika325@upi,gamershubindia@upi,,merchant,75.22,INR,P2M,13-04-2026 00:45,success,QR,D9791,L3440,PhonePe,0
T10298,C1036,A2036,amit613@apl,techworld@paytm,,merchant,163.12,INR,P2M,21-03-2026 04:23,success,intent,D3881,L3589,GPay,0
T10059,C1023,A2023,kavita618@okhdfcbank,sunita90@okicici,C1005,customer,221.65,INR,P2P,29-03-2026 14:52,success,QR,D2009,L3476,GPay,0
T10086,C1045,A2045,deepa765@okhdfcbank,quickbuckshub@upi,,merchant,2483.95,INR,P2M,25-03-2026 00:08,success,mobile_app,D1359,L9267,PhonePe,0
T10172,C1034,A2034,deepa675@okicici,digitalmartstore@upi,,merchant,8028.77,INR,P2M,07-04-2026 17:36,pending,mobile_app,D4012,L1378,PhonePe,0
T10011,C1012,A2012,manoj174@paytm,ankit756@okhdfcbank,C1062,customer,1995.2,INR,P2P,25-03-2026 05:19,success,intent,D6900,L1908,BHIM,1
T10081,C1052,A2052,mohan534@apl,arun753@apl,C1025,customer,434.41,INR,P2P,09-04-2026 20:23,pending,mobile_app,D6183,L3954,GPay,0
T10143,C1057,A2057,simran169@okhdfcbank,petrolpointpvt@paytm,,merchant,5242.72,INR,P2M,15-04-2026 22:06,success,mobile_app,D9369,L5333,PhonePe,0
T10228,C1064,A2064,rahul220@okhdfcbank,speedfuelonline@upi,,merchant,400.43,INR,P2M,03-04-2026 08:08,success,QR,D1408,L3930,BHIM,0
T10436,C1072,A2072,divya834@ybl,techworldindia@easebuzz,,merchant,387.75,INR,P2M,27-03-2026 08:41,failed,mobile_app,D5504,L4371,PhonePe,0
T10004,C1008,A2008,swati612@upi,mule734@okaxis,,customer,2289.72,INR,P2P,08-04-2026 11:50,success,intent,D1901,L6067,PhonePe,1
T10094,C1011,A2011,ritika573@okhdfcbank,meena352@apl,C1051,customer,204.23,INR,collect_request,06-04-2026 08:40,success,intent,D8835,L7909,PhonePe,0
T10230,C1057,A2057,simran169@okhdfcbank,anonpayonline@upi,,merchant,1767.76,INR,P2M,26-03-2026 09:34,success,QR,D7235,L1719,PhonePe,0
T10222,C1061,A2061,anjali674@paytm,speedfuelstore@paytm,,merchant,430.76,INR,P2M,11-04-2026 11:51,success,QR,D3253,L3683,PhonePe,0
T10204,C1042,A2042,manoj694@paytm,anjali283@paytm,C1015,customer,417.71,INR,P2P,16-04-2026 21:00,success,mobile_app,D7266,L1886,Paytm,0
T10308,C1009,A2009,sachin13@ybl,speedfuelco@easebuzz,,merchant,360.84,INR,P2M,17-04-2026 08:53,success,intent,D4393,L2326,Paytm,0
T10074,C1038,A2038,swati810@upi,anjali276@ybl,C1013,customer,8418.8,INR,P2P,05-04-2026 19:17,pending,intent,D5631,L5890,GPay,0
T10483,C1053,A2053,meena100@apl,cricketbets51@upi,,merchant,388.68,INR,P2M,19-03-2026 18:21,success,intent,D1527,L3279,PhonePe,0
T10080,C1060,A2060,deepa415@okicici,coindeal10@upi,,merchant,335.48,INR,P2M,11-04-2026 22:22,failed,mobile_app,D7253,L9680,Paytm,0
T10484,C1042,A2042,manoj694@paytm,tripeasy70@razorpay,,merchant,409.62,INR,P2M,28-03-2026 13:11,pending,QR,D2043,L9757,BHIM,0
T10252,C1042,A2042,manoj694@paytm,xtremegaminghub@upi,,merchant,7416.09,INR,P2M,10-04-2026 05:51,failed,intent,D3159,L2522,BHIM,0
T10133,C1009,A2009,sachin13@ybl,bitswap18@upi,,merchant,8646.29,INR,P2M,16-04-2026 06:43,success,mobile_app,D1600,L5269,BHIM,0
T10039,C1011,A2011,ritika573@okhdfcbank,sunita90@okicici,C1005,customer,8464.21,INR,collect_request,15-04-2026 11:53,success,QR,D7471,L9128,GPay,0
T10163,C1065,A2065,suresh721@oksbi,anonpayco@easebuzz,,merchant,149.94,INR,P2M,13-04-2026 21:18,success,mobile_app,D9232,L6689,BHIM,0
T10201,C1036,A2036,amit613@apl,speedfuelstore1@easebuzz,,merchant,282.92,INR,P2M,29-03-2026 01:33,pending,QR,D1355,L5521,PhonePe,0
T10279,C1011,A2011,ritika573@okhdfcbank,bitswaphub@razorpay,,merchant,2169.17,INR,P2M,27-03-2026 14:32,success,mobile_app,D4018,L5150,Paytm,0
T10267,C1067,A2067,meena202@apl,betking@easebuzz,,merchant,147713.57,INR,P2M,17-04-2026 06:03,success,mobile_app,D5017,L8740,GPay,0
T10076,C1007,A2007,sunita92@upi,oilstopstore@upi,,merchant,8221.27,INR,P2M,19-03-2026 20:56,success,intent,D9148,L5843,Paytm,0
T10013,C1018,A2018,ritika508@okhdfcbank,xr6882@okaxis,,customer,12985.75,INR,collect_request,26-03-2026 14:29,success,QR,D2685,L2889,PhonePe,1
T10071,C1020,A2020,rahul341@paytm,xtremegaminghub@paytm,,merchant,3327.94,INR,P2M,26-03-2026 13:04,success,intent,D4511,L4626,PhonePe,0
T10418,C1052,A2052,mohan534@apl,shopmartonline@upi,,merchant,9566.56,INR,P2M,25-03-2026 16:53,success,mobile_app,D9476,L2140,GPay,0
T10138,C1048,A2048,meena495@oksbi,petrolpointco@paytm,,merchant,4287.67,INR,P2M,29-03-2026 10:58,success,intent,D7649,L6781,Paytm,0
T10211,C1039,A2039,nikhil832@oksbi,sunita687@apl,C1068,customer,60.24,INR,P2P,31-03-2026 04:38,success,intent,D8913,L3315,GPay,0
T10102,C1046,A2046,sanjay401@apl,jetsetgopvt@upi,,merchant,8349.3,INR,P2M,10-04-2026 14:31,success,intent,D6952,L8414,GPay,0
T10314,C1037,A2037,manoj548@paytm,gamershub91@easebuzz,,merchant,357.08,INR,P2M,19-03-2026 16:18,success,QR,D4097,L2031,GPay,0
T10285,C1042,A2042,manoj694@paytm,speedfuel@upi,,merchant,4605.53,INR,P2M,04-04-2026 03:28,success,mobile_app,D8530,L5750,PhonePe,0
T10345,C1066,A2066,manoj819@okicici,meena352@apl,C1051,customer,1765.05,INR,P2P,26-03-2026 19:51,pending,mobile_app,D6959,L4261,Paytm,0
T10272,C1022,A2022,arun836@okicici,coindealstore@easebuzz,,merchant,365.35,INR,P2M,22-03-2026 17:36,success,mobile_app,D3525,L9125,BHIM,0
T10458,C1074,A2074,simran321@oksbi,playzonehub@upi,,merchant,488.54,INR,P2M,21-03-2026 19:02,success,mobile_app,D2015,L8240,GPay,0
T10357,C1073,A2073,arjun605@oksbi,gamershubstore@razorpay,,merchant,307.64,INR,P2M,11-04-2026 18:00,success,intent,D6563,L3730,Paytm,0
T10373,C1035,A2035,nikhil809@paytm,playzoneindia@upi,,merchant,8408.78,INR,P2M,03-04-2026 18:55,failed,intent,D7920,L2644,PhonePe,0
T10437,C1074,A2074,simran321@oksbi,winnersbethub2@razorpay,,merchant,413.11,INR,P2M,19-03-2026 18:22,success,QR,D8160,L3957,BHIM,0
T10248,C1042,A2042,manoj694@paytm,shadowmartindia@paytm,,merchant,70.76,INR,P2M,02-04-2026 18:56,success,intent,D4438,L6257,PhonePe,0
T10091,C1061,A2061,anjali674@paytm,fastcash99hub1@easebuzz,,merchant,51.23,INR,P2M,11-04-2026 14:56,success,mobile_app,D2475,L9383,GPay,0
T10032,C1029,A2029,manoj185@okaxis,digitalmartstore@razorpay,,merchant,5677.83,INR,P2M,15-04-2026 19:55,success,mobile_app,D9280,L3187,BHIM,0
T10403,C1050,A2050,sunita964@okicici,neha182@paytm,C1024,customer,1788.72,INR,P2P,27-03-2026 18:34,success,mobile_app,D4428,L8882,PhonePe,0
T10442,C1071,A2071,meena866@apl,speedfuelco@upi,,merchant,2130.14,INR,P2M,28-03-2026 12:19,success,mobile_app,D7116,L9854,PhonePe,0
T10190,C1045,A2045,deepa765@okhdfcbank,rahul352@oksbi,C1056,customer,3256.27,INR,P2P,11-04-2026 10:16,success,mobile_app,D4057,L9906,Paytm,0
T10242,C1060,A2060,deepa415@okicici,cryptonowco@upi,,merchant,6810.87,INR,P2M,03-04-2026 21:42,success,QR,D7782,L1917,Paytm,0
T10362,C1034,A2034,deepa675@okicici,betkingpvt@paytm,,merchant,84580.71,INR,P2M,21-03-2026 13:02,failed,intent,D4287,L6968,BHIM,0
T10498,C1076,A2076,meena145@paytm,bitswap80@easebuzz,,merchant,397.58,INR,P2M,28-03-2026 08:16,failed,mobile_app,D1262,L7908,GPay,0
T10424,C1007,A2007,sunita92@upi,techworldstore@razorpay,,merchant,3337.81,INR,P2M,24-03-2026 16:37,success,QR,D5881,L1085,BHIM,0
T10472,C1019,A2019,sanjay139@ybl,bookmyflightpvt1@easebuzz,,merchant,73.97,INR,P2M,15-04-2026 23:46,success,QR,D4428,L2333,BHIM,0
T10082,C1062,A2062,ankit756@okhdfcbank,sunita92@upi,C1007,customer,493.99,INR,P2P,26-03-2026 19:42,success,intent,D3595,L9021,GPay,0
T10038,C1047,A2047,kiran603@okicici,deepa120@okicici,C1075,customer,9438.17,INR,P2P,19-03-2026 16:40,success,mobile_app,D4239,L8265,PhonePe,0
T10292,C1005,A2005,sunita90@okicici,ritika508@okhdfcbank,C1018,customer,200.98,INR,P2P,05-04-2026 14:16,success,intent,D3703,L8187,PhonePe,0
T10321,C1014,A2014,suresh150@oksbi,divya602@oksbi,C1070,customer,9101.57,INR,P2P,17-04-2026 14:44,success,mobile_app,D8306,L6855,GPay,0
T10499,C1001,A2001,suresh390@okicici,petrolpointpvt@paytm,,merchant,136.47,INR,collect_request,26-03-2026 18:52,success,intent,D3736,L1721,BHIM,0
T10263,C1017,A2017,meena967@okhdfcbank,cricketbetspvt@easebuzz,,merchant,223.07,INR,P2M,24-03-2026 17:33,success,mobile_app,D1190,L2175,GPay,0
T10244,C1043,A2043,kiran989@paytm,quickbazaarstore@easebuzz,,merchant,97711.52,INR,P2M,24-03-2026 07:24,success,QR,D6152,L1518,Paytm,0
T10044,C1068,A2068,sunita687@apl,meena955@okhdfcbank,C1028,customer,9255.34,INR,P2P,06-04-2026 11:49,pending,QR,D3846,L3885,PhonePe,0
T10296,C1024,A2024,neha182@paytm,sanjay401@apl,C1046,customer,288.59,INR,P2P,12-04-2026 06:36,pending,mobile_app,D8605,L4409,Paytm,0
T10384,C1064,A2064,rahul220@okhdfcbank,kiran603@okicici,C1047,customer,3722.57,INR,P2P,20-03-2026 15:11,failed,intent,D3938,L5264,PhonePe,0
T10337,C1009,A2009,sachin13@ybl,arun753@apl,C1025,customer,267.91,INR,P2P,12-04-2026 13:31,success,intent,D1971,L8685,GPay,0
T10419,C1043,A2043,kiran989@paytm,sunita92@upi,C1007,customer,491.88,INR,P2P,25-03-2026 23:08,success,intent,D1947,L9516,Paytm,0
T10056,C1042,A2042,manoj694@paytm,cryptonowhub@razorpay,,merchant,135.49,INR,collect_request,01-04-2026 07:16,success,QR,D4891,L2571,GPay,0
T10493,C1009,A2009,sachin13@ybl,jetsetgostore@upi,,merchant,5539.55,INR,P2M,12-04-2026 04:53,success,mobile_app,D8572,L1437,GPay,0
T10005,C1025,A2025,arun753@apl,mule734@okaxis,,customer,4592.33,INR,P2P,02-04-2026 06:58,success,mobile_app,D1207,L3248,GPay,1
T10107,C1049,A2049,kavita943@oksbi,meena100@apl,C1053,customer,6455.45,INR,collect_request,30-03-2026 16:29,failed,QR,D7518,L6617,Paytm,0
T10135,C1064,A2064,rahul220@okhdfcbank,quickbazaarindia@razorpay,,merchant,157.5,INR,P2M,25-03-2026 10:49,success,QR,D3608,L3935,PhonePe,0
T10359,C1038,A2038,swati810@upi,ritika573@okhdfcbank,C1011,customer,66283.83,INR,P2P,16-04-2026 08:50,success,QR,D5478,L2102,BHIM,0
T10451,C1035,A2035,nikhil809@paytm,shadowmartindia@paytm,,merchant,272.31,INR,P2M,16-04-2026 21:47,success,intent,D3875,L2070,PhonePe,0
T10260,C1078,A2078,pooja499@okicici,digitalmartindia@easebuzz,,merchant,138.05,INR,P2M,02-04-2026 10:06,success,QR,D6640,L2462,GPay,0
T10452,C1008,A2008,swati612@upi,petrolpointonline@easebuzz,,merchant,470.1,INR,P2M,27-03-2026 22:47,success,intent,D1378,L9731,Paytm,0
T10231,C1042,A2042,manoj694@paytm,ritika508@okhdfcbank,C1018,customer,346.79,INR,P2P,08-04-2026 00:07,success,QR,D6071,L8311,Paytm,0
T10402,C1013,A2013,anjali276@ybl,suresh390@okicici,C1001,customer,58.06,INR,P2P,07-04-2026 07:14,success,intent,D8974,L5961,Paytm,0
T10282,C1013,A2013,anjali276@ybl,rahul352@oksbi,C1056,customer,395.92,INR,P2P,22-03-2026 04:14,success,mobile_app,D5105,L8305,GPay,0
T10057,C1050,A2050,sunita964@okicici,sanjay401@apl,C1046,customer,427.93,INR,P2P,16-04-2026 18:34,success,QR,D4271,L2589,GPay,0
T10413,C1079,A2079,swati502@ybl,shopmart@upi,,merchant,302.89,INR,P2M,14-04-2026 16:15,success,QR,D3476,L9444,GPay,0
T10144,C1043,A2043,kiran989@paytm,meena495@oksbi,C1048,customer,93514.67,INR,P2P,28-03-2026 11:01,success,intent,D9263,L7877,PhonePe,0
T10349,C1038,A2038,swati810@upi,manoj819@okicici,C1066,customer,1867,INR,P2P,28-03-2026 10:32,success,QR,D9157,L9032,Paytm,0
T10067,C1029,A2029,manoj185@okaxis,anjali628@okaxis,C1041,customer,488.4,INR,P2P,22-03-2026 23:18,success,mobile_app,D8237,L4463,BHIM,0
T10176,C1070,A2070,divya602@oksbi,gamershubonline1@razorpay,,merchant,486.29,INR,P2M,15-04-2026 00:21,success,QR,D9576,L9745,Paytm,0
T10470,C1030,A2030,ritika966@okhdfcbank,meena202@apl,C1067,customer,217.56,INR,collect_request,08-04-2026 16:35,pending,intent,D2071,L2941,PhonePe,0
T10224,C1078,A2078,pooja499@okicici,playzone98@paytm,,merchant,196.2,INR,P2M,17-04-2026 03:33,success,intent,D7232,L6126,BHIM,0
T10179,C1070,A2070,divya602@oksbi,leveluppvt@easebuzz,,merchant,235.28,INR,P2M,06-04-2026 13:20,success,QR,D4614,L5308,GPay,0
T10245,C1052,A2052,mohan534@apl,swati810@upi,C1038,customer,444.67,INR,P2P,24-03-2026 02:02,success,QR,D1612,L4311,GPay,0
T10439,C1019,A2019,sanjay139@ybl,pooja499@okicici,C1078,customer,233.27,INR,collect_request,21-03-2026 11:26,success,QR,D7388,L2617,Paytm,0
T10297,C1006,A2006,pooja571@paytm,quickbucksco@paytm,,merchant,408.48,INR,P2M,26-03-2026 09:24,success,intent,D1706,L1885,Paytm,0
T10058,C1026,A2026,manoj249@upi,suresh150@oksbi,C1014,customer,181.32,INR,P2P,11-04-2026 09:06,success,intent,D5341,L2493,BHIM,0
T10181,C1024,A2024,neha182@paytm,rakesh566@okicici,C1058,customer,2641.66,INR,P2P,11-04-2026 12:29,success,mobile_app,D6253,L1317,PhonePe,0
T10372,C1050,A2050,sunita964@okicici,ritika966@okhdfcbank,C1030,customer,138509.74,INR,P2P,26-03-2026 09:57,success,QR,D6196,L7656,GPay,0
T10149,C1033,A2033,simran143@ybl,nikhil809@paytm,C1035,customer,4812.05,INR,collect_request,28-03-2026 12:35,success,QR,D8904,L3928,Paytm,0
T10333,C1018,A2018,ritika508@okhdfcbank,ankit756@okhdfcbank,C1062,customer,283.18,INR,P2P,26-03-2026 13:13,failed,mobile_app,D4569,L3532,PhonePe,0
T10140,C1023,A2023,kavita618@okhdfcbank,oilstopstore@upi,,merchant,320.91,INR,P2M,24-03-2026 03:19,success,QR,D8844,L8848,PhonePe,0
T10185,C1056,A2056,rahul352@oksbi,manoj174@paytm,C1012,customer,497.54,INR,P2P,10-04-2026 14:09,pending,QR,D6113,L6293,PhonePe,0
T10450,C1029,A2029,manoj185@okaxis,sanjay440@paytm,C1063,customer,145421.51,INR,P2P,28-03-2026 18:52,success,mobile_app,D4212,L7489,GPay,0
T10269,C1045,A2045,deepa765@okhdfcbank,sanjay780@ybl,C1004,customer,121751.25,INR,P2P,02-04-2026 09:32,success,intent,D5267,L2006,BHIM,0
T10313,C1050,A2050,sunita964@okicici,freshveghub@razorpay,,merchant,3595.35,INR,P2M,25-03-2026 19:39,success,QR,D3465,L4346,GPay,0
T10346,C1025,A2025,arun753@apl,ritika464@upi,C1054,customer,495.8,INR,P2P,15-04-2026 21:15,success,intent,D5472,L7557,Paytm,0
T10398,C1059,A2059,arun437@apl,digitalmartonline@upi,,merchant,458.24,INR,collect_request,02-04-2026 05:16,success,mobile_app,D9570,L8007,Paytm,0
T10152,C1018,A2018,ritika508@okhdfcbank,simran143@ybl,C1033,customer,320.11,INR,P2P,20-03-2026 11:15,success,intent,D7296,L7564,Paytm,0
T10400,C1074,A2074,simran321@oksbi,arun437@apl,C1059,customer,276.55,INR,P2P,06-04-2026 17:06,success,mobile_app,D2364,L7819,Paytm,0
T10114,C1028,A2028,meena955@okhdfcbank,gamershubpvt1@razorpay,,merchant,7341.66,INR,P2M,28-03-2026 04:10,success,intent,D4170,L5819,BHIM,0
T10141,C1075,A2075,deepa120@okicici,sunita90@okicici,C1005,customer,425.01,INR,P2P,25-03-2026 04:14,success,intent,D9399,L1642,PhonePe,0
T10406,C1006,A2006,pooja571@paytm,bookmyflight80@razorpay,,merchant,96.2,INR,collect_request,15-04-2026 17:27,success,intent,D5764,L1606,BHIM,0
T10386,C1016,A2016,kavita802@oksbi,sanjay401@apl,C1046,customer,488.02,INR,P2P,31-03-2026 09:56,success,intent,D5321,L9470,Paytm,0
T10129,C1008,A2008,swati612@upi,petrolpointco@upi,,merchant,138.84,INR,P2M,30-03-2026 00:31,success,mobile_app,D5671,L2143,PhonePe,0
T10126,C1068,A2068,sunita687@apl,rapidbet@paytm,,merchant,386.04,INR,P2M,25-03-2026 15:08,pending,QR,D7113,L1182,PhonePe,0
T10425,C1043,A2043,kiran989@paytm,gadgetzone88@easebuzz,,merchant,122754.26,INR,P2M,13-04-2026 12:36,failed,intent,D4831,L6739,Paytm,0
T10432,C1027,A2027,ankit837@paytm,divya602@oksbi,C1070,customer,382.85,INR,P2P,07-04-2026 21:47,success,QR,D6074,L8411,Paytm,0
T10463,C1039,A2039,nikhil832@oksbi,deepa415@okicici,C1060,customer,293.51,INR,P2P,05-04-2026 12:59,success,mobile_app,D9481,L3369,GPay,0
T10309,C1007,A2007,sunita92@upi,pooja571@paytm,C1006,customer,459.5,INR,P2P,20-03-2026 14:53,success,QR,D7003,L3871,GPay,0
T10411,C1061,A2061,anjali674@paytm,gamershubstore@razorpay,,merchant,139.77,INR,P2M,11-04-2026 14:30,failed,QR,D4845,L4431,GPay,0
T10233,C1030,A2030,ritika966@okhdfcbank,xtremegaminghub@razorpay,,merchant,346.76,INR,P2M,30-03-2026 12:23,success,intent,D5556,L4401,GPay,0
T10273,C1049,A2049,kavita943@oksbi,cryptoedgeonline@paytm,,merchant,248.08,INR,P2M,21-03-2026 06:34,success,intent,D5331,L2900,GPay,0
T10123,C1042,A2042,manoj694@paytm,lata815@paytm,C1032,customer,82.96,INR,P2P,29-03-2026 16:30,success,QR,D7678,L7357,BHIM,0
T10301,C1018,A2018,ritika508@okhdfcbank,kiran603@okicici,C1047,customer,324.25,INR,P2P,05-04-2026 01:03,success,QR,D4313,L6503,PhonePe,0
T10206,C1055,A2055,amit46@oksbi,pooja798@oksbi,C1010,customer,227.45,INR,P2P,14-04-2026 05:55,success,QR,D5301,L2393,BHIM,0
T10160,C1043,A2043,kiran989@paytm,shopmartindia@easebuzz,,merchant,469.13,INR,P2M,27-03-2026 12:14,success,intent,D4115,L9175,PhonePe,0
T10213,C1008,A2008,swati612@upi,shadowmartindia@paytm,,merchant,172.09,INR,P2M,01-04-2026 20:03,success,intent,D7332,L4787,BHIM,0
T10464,C1030,A2030,ritika966@okhdfcbank,playzonehub2@paytm,,merchant,425.83,INR,P2M,28-03-2026 09:45,pending,mobile_app,D6595,L4102,BHIM,0
T10326,C1067,A2067,meena202@apl,levelupindia@razorpay,,merchant,19256.21,INR,P2M,31-03-2026 21:43,success,QR,D3865,L8571,PhonePe,0
T10305,C1005,A2005,sunita90@okicici,shadowmart@easebuzz,,merchant,112686.68,INR,P2M,23-03-2026 09:27,success,QR,D9114,L4940,GPay,0
T10316,C1058,A2058,rakesh566@okicici,digitalmartstore2@easebuzz,,merchant,109.38,INR,P2M,05-04-2026 16:34,success,QR,D1775,L3430,Paytm,0
T10189,C1016,A2016,kavita802@oksbi,petrolpointindia@upi,,merchant,192.53,INR,P2M,08-04-2026 22:25,success,intent,D4161,L1349,BHIM,0
T10293,C1074,A2074,simran321@oksbi,offshorevaultpvt@easebuzz,,merchant,94.99,INR,P2M,11-04-2026 06:38,success,mobile_app,D1104,L1118,PhonePe,0
T10280,C1059,A2059,arun437@apl,winnersbetonline@razorpay,,merchant,1681.43,INR,P2M,03-04-2026 08:04,success,QR,D3653,L2212,Paytm,0
T10025,C1012,A2012,manoj174@paytm,sanjay299@oksbi,C1031,customer,6330.32,INR,P2P,25-03-2026 05:16,success,QR,D9083,L4201,PhonePe,1
T10238,C1077,A2077,pooja142@paytm,coindealindia@razorpay,,merchant,3336.94,INR,P2M,14-04-2026 22:47,success,QR,D9514,L9154,BHIM,0
T10249,C1024,A2024,neha182@paytm,bitswap62@upi,,merchant,289.52,INR,P2M,31-03-2026 22:05,success,mobile_app,D1249,L9422,GPay,0
T10060,C1010,A2010,pooja798@oksbi,deepa120@okicici,C1075,customer,8273.62,INR,P2P,06-04-2026 10:17,success,intent,D7858,L9773,BHIM,0
T10312,C1068,A2068,sunita687@apl,swati502@ybl,C1079,customer,5795.7,INR,P2P,21-03-2026 19:44,success,mobile_app,D8501,L2430,GPay,0
T10446,C1033,A2033,simran143@ybl,anjali628@okaxis,C1041,customer,109085.57,INR,P2P,16-04-2026 17:45,success,QR,D1260,L3190,GPay,0
T10016,C1013,A2013,anjali276@ybl,ritika966@okhdfcbank,C1030,customer,2469.15,INR,P2P,30-03-2026 15:43,success,QR,D7274,L3458,PhonePe,1
T10397,C1011,A2011,ritika573@okhdfcbank,cricketbetsstore@easebuzz,,merchant,203.79,INR,P2M,11-04-2026 16:22,success,intent,D9596,L2375,Paytm,0
T10031,C1054,A2054,ritika464@upi,meena967@okhdfcbank,C1017,customer,6493.95,INR,P2P,26-03-2026 16:39,success,intent,D5584,L2524,GPay,1
T10096,C1045,A2045,deepa765@okhdfcbank,anonpayonline@upi,,merchant,8763.18,INR,collect_request,11-04-2026 07:58,success,mobile_app,D7738,L8220,GPay,0
T10021,C1070,A2070,divya602@oksbi,rahul352@oksbi,C1056,customer,4824.47,INR,P2P,12-04-2026 10:26,success,QR,D2129,L8620,Paytm,1
T10075,C1061,A2061,anjali674@paytm,quickbucks52@upi,,merchant,494.76,INR,P2M,02-04-2026 03:23,success,mobile_app,D3456,L9475,PhonePe,0
T10214,C1065,A2065,suresh721@oksbi,meena145@paytm,C1076,customer,23944.52,INR,P2P,11-04-2026 22:34,success,QR,D1352,L1651,PhonePe,0
T10457,C1030,A2030,ritika966@okhdfcbank,anonpayindia@razorpay,,merchant,126552.45,INR,P2M,16-04-2026 18:17,failed,intent,D8184,L2567,BHIM,0
T10353,C1050,A2050,sunita964@okicici,deepa765@okhdfcbank,C1045,customer,315.97,INR,P2P,21-03-2026 14:50,success,mobile_app,D1739,L3100,Paytm,0
T10469,C1002,A2002,ritika325@upi,meena967@okhdfcbank,C1017,customer,167.8,INR,P2P,24-03-2026 00:33,success,QR,D4444,L5998,BHIM,0
T10338,C1032,A2032,lata815@paytm,manoj174@paytm,C1012,customer,185.74,INR,P2P,28-03-2026 14:35,failed,intent,D4277,L4027,Paytm,0
T10236,C1038,A2038,swati810@upi,bookmyflightstore@easebuzz,,merchant,453.89,INR,P2M,01-04-2026 20:27,success,QR,D3204,L2999,Paytm,0
T10049,C1022,A2022,arun836@okicici,quickbazaarindia@razorpay,,merchant,6057.8,INR,P2M,16-04-2026 05:27,success,mobile_app,D7199,L6026,Paytm,0
T10220,C1018,A2018,ritika508@okhdfcbank,betmaster87@razorpay,,merchant,7888.92,INR,collect_request,31-03-2026 22:16,success,mobile_app,D4079,L2749,PhonePe,0
T10015,C1054,A2054,ritika464@upi,nikhil809@paytm,C1035,customer,5178,INR,P2P,26-03-2026 16:40,success,mobile_app,D5006,L1753,BHIM,1
T10051,C1072,A2072,divya834@ybl,sachin13@ybl,C1009,customer,273.28,INR,P2P,26-03-2026 18:52,pending,intent,D2453,L6500,BHIM,0
T10409,C1036,A2036,amit613@apl,rahul220@okhdfcbank,C1064,customer,5223.16,INR,P2P,04-04-2026 02:25,failed,intent,D8675,L3148,Paytm,0
T10481,C1066,A2066,manoj819@okicici,bitswap18@upi,,merchant,298.68,INR,P2M,02-04-2026 20:02,success,mobile_app,D8025,L7843,PhonePe,0
T10447,C1077,A2077,pooja142@paytm,betmaster87@razorpay,,merchant,455.65,INR,P2M,11-04-2026 08:58,success,QR,D9816,L2329,GPay,0
T10115,C1022,A2022,arun836@okicici,gadgetzone79@paytm,,merchant,20425.66,INR,P2M,08-04-2026 10:31,success,QR,D5329,L3131,PhonePe,0
T10028,C1002,A2002,ritika325@upi,mule243@okicici,,customer,4682.45,INR,P2P,26-03-2026 07:20,success,QR,D1023,L7164,Paytm,1
T10476,C1037,A2037,manoj548@paytm,betking@easebuzz,,merchant,208.21,INR,P2M,09-04-2026 12:54,success,QR,D8086,L7700,Paytm,0
T10342,C1052,A2052,mohan534@apl,suresh150@oksbi,C1014,customer,493.08,INR,P2P,05-04-2026 04:09,success,intent,D5723,L1665,GPay,0
T10368,C1076,A2076,meena145@paytm,simran321@oksbi,C1074,customer,413.01,INR,P2P,30-03-2026 02:09,success,QR,D4571,L3363,GPay,0
T10050,C1016,A2016,kavita802@oksbi,tripeasy70@razorpay,,merchant,50.81,INR,P2M,15-04-2026 04:26,pending,mobile_app,D3983,L6213,PhonePe,0
T10426,C1036,A2036,amit613@apl,digitalmartstore1@easebuzz,,merchant,8335.71,INR,P2M,30-03-2026 15:47,success,mobile_app,D6371,L9461,PhonePe,0
T10047,C1043,A2043,kiran989@paytm,winnersbethub1@razorpay,,merchant,9269.03,INR,P2M,25-03-2026 12:18,success,mobile_app,D9622,L6978,GPay,0
T10095,C1014,A2014,suresh150@oksbi,playzonepvt@razorpay,,merchant,376.89,INR,P2M,16-04-2026 07:33,success,QR,D8178,L3969,BHIM,0
T10045,C1075,A2075,deepa120@okicici,sunita6@ybl,C1003,customer,382.15,INR,P2P,15-04-2026 04:38,success,intent,D3328,L4084,BHIM,0
T10183,C1063,A2063,sanjay440@paytm,betmasterindia@razorpay,,merchant,239.11,INR,collect_request,20-03-2026 04:15,success,QR,D2314,L3393,GPay,0
T10110,C1045,A2045,deepa765@okhdfcbank,quickbazaaronline@paytm,,merchant,312.26,INR,P2M,13-04-2026 13:19,success,QR,D7920,L1209,GPay,0
T10073,C1077,A2077,pooja142@paytm,rapidbetpvt2@upi,,merchant,3749.14,INR,P2M,04-04-2026 13:33,failed,QR,D5128,L4575,BHIM,0
T10496,C1037,A2037,manoj548@paytm,suresh390@okicici,C1001,customer,383.65,INR,P2P,05-04-2026 00:28,success,mobile_app,D4549,L1564,PhonePe,0
T10414,C1006,A2006,pooja571@paytm,cricketbetspvt@easebuzz,,merchant,71295.74,INR,P2M,17-04-2026 06:38,pending,intent,D2669,L1687,GPay,0
T10134,C1019,A2019,sanjay139@ybl,levelupco@easebuzz,,merchant,150.49,INR,P2M,11-04-2026 23:07,success,intent,D2483,L7500,Paytm,0
T10490,C1073,A2073,arjun605@oksbi,cryptoedgepvt@upi,,merchant,91,INR,P2M,02-04-2026 01:49,success,QR,D3869,L7800,PhonePe,0
T10271,C1035,A2035,nikhil809@paytm,lata815@paytm,C1032,customer,327.11,INR,P2P,27-03-2026 02:42,success,intent,D3476,L8317,Paytm,0
T10017,C1012,A2012,manoj174@paytm,sunita92@upi,C1007,customer,7947.4,INR,P2P,25-03-2026 05:14,success,mobile_app,D7870,L4678,Paytm,1
T10024,C1043,A2043,kiran989@paytm,mule734@okaxis,,customer,3100.7,INR,P2P,15-04-2026 02:52,success,intent,D5979,L4974,BHIM,1
T10000,C1005,A2005,sunita90@okicici,mule243@okicici,,customer,3317.81,INR,P2P,09-04-2026 22:43,success,mobile_app,D9788,L6353,BHIM,1
T10383,C1042,A2042,manoj694@paytm,pooja142@paytm,C1077,customer,75930.54,INR,collect_request,16-04-2026 16:16,pending,intent,D1745,L1087,Paytm,0
T10043,C1035,A2035,nikhil809@paytm,offshorevaulthub@easebuzz,,merchant,496.19,INR,P2M,26-03-2026 09:15,success,mobile_app,D5060,L4951,Paytm,0
T10001,C1077,A2077,pooja142@paytm,xr6882@okaxis,,customer,17262.06,INR,collect_request,02-04-2026 06:43,success,intent,D2083,L6081,BHIM,1
T10200,C1041,A2041,anjali628@okaxis,divya602@oksbi,C1070,customer,6068.3,INR,P2P,09-04-2026 14:21,success,QR,D7505,L1003,GPay,0
T10284,C1061,A2061,anjali674@paytm,techworldstore@upi,,merchant,429.82,INR,P2M,06-04-2026 07:09,success,intent,D8898,L2985,Paytm,0
T10431,C1015,A2015,anjali283@paytm,ankit756@okhdfcbank,C1062,customer,495.96,INR,P2P,16-04-2026 06:14,success,QR,D1797,L5999,Paytm,0
T10053,C1052,A2052,mohan534@apl,gamershubstore@razorpay,,merchant,220.42,INR,P2M,15-04-2026 16:45,success,intent,D4695,L3664,BHIM,0
T10381,C1037,A2037,manoj548@paytm,winnersbetstore@upi,,merchant,42967.99,INR,P2M,09-04-2026 21:04,success,mobile_app,D1169,L8682,PhonePe,0
T10268,C1069,A2069,rakesh321@paytm,kiran989@paytm,C1043,customer,3812.5,INR,P2P,09-04-2026 16:15,success,intent,D8687,L6431,BHIM,0
T10428,C1047,A2047,kiran603@okicici,playzone@easebuzz,,merchant,4624.78,INR,P2M,11-04-2026 20:27,success,intent,D7937,L8210,BHIM,0
T10441,C1014,A2014,suresh150@oksbi,bookmyflighthub@upi,,merchant,193.25,INR,P2M,29-03-2026 23:36,success,mobile_app,D5409,L2663,PhonePe,0
T10466,C1063,A2063,sanjay440@paytm,manoj185@okaxis,C1029,customer,51.66,INR,P2P,10-04-2026 23:23,success,intent,D6431,L7158,PhonePe,0
T10365,C1071,A2071,meena866@apl,bitswap@upi,,merchant,69082.68,INR,P2M,31-03-2026 04:19,success,QR,D3883,L1691,BHIM,0
T10461,C1075,A2075,deepa120@okicici,digitalmartonline@razorpay,,merchant,96.21,INR,P2M,15-04-2026 11:06,success,mobile_app,D9337,L5198,Paytm,0
T10186,C1005,A2005,sunita90@okicici,anjali674@paytm,C1061,customer,5946.22,INR,P2P,21-03-2026 03:57,success,intent,D4568,L2850,PhonePe,0
T10290,C1006,A2006,pooja571@paytm,pooja499@okicici,C1078,customer,8386.65,INR,P2P,23-03-2026 19:09,success,mobile_app,D9145,L4613,GPay,0
T10367,C1030,A2030,ritika966@okhdfcbank,tripeasystore@easebuzz,,merchant,380.52,INR,P2M,13-04-2026 03:14,success,QR,D9133,L2478,PhonePe,0
T10187,C1055,A2055,amit46@oksbi,anjali283@paytm,C1015,customer,125.31,INR,P2P,20-03-2026 16:12,success,intent,D8786,L3539,Paytm,0
T10422,C1010,A2010,pooja798@oksbi,betkingonline@razorpay,,merchant,200.52,INR,P2M,13-04-2026 21:20,success,QR,D4501,L2520,Paytm,0
T10354,C1044,A2044,sunita101@ybl,petrolpointpvt1@razorpay,,merchant,6255.7,INR,P2M,04-04-2026 09:23,success,QR,D7749,L6755,GPay,0
T10339,C1003,A2003,sunita6@ybl,oilstoppvt@paytm,,merchant,430.64,INR,P2M,11-04-2026 22:33,success,intent,D4962,L9272,GPay,0
T10382,C1041,A2041,anjali628@okaxis,kavita943@oksbi,C1049,customer,65657.66,INR,P2P,31-03-2026 01:48,success,mobile_app,D2561,L1962,GPay,0
T10136,C1061,A2061,anjali674@paytm,winnersbet@razorpay,,merchant,15658.78,INR,P2M,20-03-2026 17:09,success,intent,D4387,L9485,Paytm,0
T10445,C1038,A2038,swati810@upi,rapidbetco@paytm,,merchant,364.29,INR,P2M,08-04-2026 14:32,success,mobile_app,D9270,L6215,Paytm,0
T10455,C1024,A2024,neha182@paytm,cryptoedgeco@razorpay,,merchant,446.04,INR,P2M,22-03-2026 06:00,success,mobile_app,D4225,L3694,Paytm,0
T10177,C1044,A2044,sunita101@ybl,nikhil832@oksbi,C1039,customer,152.21,INR,P2P,02-04-2026 08:57,success,mobile_app,D1001,L9574,PhonePe,0
T10343,C1041,A2041,anjali628@okaxis,gadgetzone79@paytm,,merchant,223.15,INR,P2M,09-04-2026 04:31,pending,mobile_app,D7672,L5761,BHIM,0
T10482,C1056,A2056,rahul352@oksbi,arjun605@oksbi,C1073,customer,301.3,INR,P2P,19-03-2026 02:33,success,QR,D6810,L6567,PhonePe,0
T10302,C1004,A2004,sanjay780@ybl,arun437@apl,C1059,customer,1536.87,INR,P2P,04-04-2026 07:34,success,mobile_app,D5835,L3568,PhonePe,0
T10253,C1012,A2012,manoj174@paytm,betking@easebuzz,,merchant,358.02,INR,P2M,25-03-2026 14:43,failed,intent,D5227,L6954,BHIM,0
T10444,C1061,A2061,anjali674@paytm,rapidbet@razorpay,,merchant,162.9,INR,P2M,12-04-2026 09:51,success,QR,D1745,L3644,GPay,0
T10132,C1039,A2039,nikhil832@oksbi,quickbazaarindia@upi,,merchant,98.97,INR,P2M,25-03-2026 10:23,success,intent,D4218,L5312,GPay,0
T10404,C1030,A2030,ritika966@okhdfcbank,cricketbetshub@easebuzz,,merchant,331.73,INR,P2M,25-03-2026 19:54,success,QR,D7912,L1357,GPay,0
T10150,C1071,A2071,meena866@apl,sunita101@ybl,C1044,customer,164.2,INR,P2P,25-03-2026 08:08,success,intent,D2951,L4764,BHIM,0
T10243,C1072,A2072,divya834@ybl,tripeasyco@upi,,merchant,3839.53,INR,P2M,04-04-2026 19:14,success,mobile_app,D3446,L5595,GPay,0
T10330,C1015,A2015,anjali283@paytm,simran143@ybl,C1033,customer,379.83,INR,P2P,03-04-2026 03:43,success,QR,D3219,L6855,PhonePe,0
T10348,C1029,A2029,manoj185@okaxis,pooja571@paytm,C1006,customer,2211.48,INR,P2P,19-03-2026 22:26,success,mobile_app,D7269,L6356,PhonePe,0
T10486,C1003,A2003,sunita6@ybl,tripeasy@razorpay,,merchant,81.27,INR,P2M,13-04-2026 02:14,success,mobile_app,D8449,L1941,Paytm,0
T10361,C1032,A2032,lata815@paytm,petrolpoint@razorpay,,merchant,5079.06,INR,P2M,12-04-2026 16:43,success,mobile_app,D9178,L4489,BHIM,0
T10023,C1001,A2001,suresh390@okicici,xr4196@paytm,,customer,172749.25,INR,P2P,08-04-2026 03:18,success,mobile_app,D7044,L4287,Paytm,1
T10395,C1062,A2062,ankit756@okhdfcbank,quickbazaar66@easebuzz,,merchant,7623,INR,P2M,23-03-2026 07:15,success,QR,D9399,L4274,BHIM,0
T10278,C1057,A2057,simran169@okhdfcbank,sanjay780@ybl,C1004,customer,376.36,INR,P2P,16-04-2026 11:29,success,intent,D4552,L2995,GPay,0
T10430,C1004,A2004,sanjay780@ybl,anjali283@paytm,C1015,customer,9496.63,INR,P2P,24-03-2026 12:05,success,QR,D5744,L1659,PhonePe,0
T10041,C1052,A2052,mohan534@apl,kavita943@oksbi,C1049,customer,5311.28,INR,P2P,13-04-2026 03:53,success,mobile_app,D9907,L1319,BHIM,0
T10215,C1067,A2067,meena202@apl,techworldindia@easebuzz,,merchant,270.47,INR,P2M,02-04-2026 07:30,success,mobile_app,D9212,L5519,GPay,0
T10370,C1031,A2031,sanjay299@oksbi,anonpaystore@easebuzz,,merchant,133120.7,INR,P2M,02-04-2026 14:19,success,mobile_app,D1570,L1895,PhonePe,0
T10148,C1073,A2073,arjun605@oksbi,manoj249@upi,C1026,customer,283.89,INR,P2P,05-04-2026 05:21,success,mobile_app,D3535,L7980,Paytm,0
T10247,C1066,A2066,manoj819@okicici,quickbucks40@easebuzz,,merchant,2194.45,INR,P2M,24-03-2026 06:14,success,mobile_app,D6095,L1721,GPay,0
T10366,C1002,A2002,ritika325@upi,swati810@upi,C1038,customer,453.43,INR,P2P,07-04-2026 09:28,failed,QR,D2479,L7502,PhonePe,0
T10065,C1052,A2052,mohan534@apl,gamershub91@easebuzz,,merchant,344.65,INR,P2M,25-03-2026 14:52,success,intent,D7581,L1635,BHIM,0
T10254,C1023,A2023,kavita618@okhdfcbank,petrolpointonline@easebuzz,,merchant,6986.63,INR,P2M,21-03-2026 19:25,success,QR,D2849,L6758,BHIM,0
T10174,C1003,A2003,sunita6@ybl,offshorevaultonline@razorpay,,merchant,5715.85,INR,P2M,06-04-2026 13:28,success,QR,D4757,L5053,Paytm,0
T10116,C1074,A2074,simran321@oksbi,digitalmartpvt1@upi,,merchant,1050.81,INR,P2M,03-04-2026 07:10,success,intent,D1833,L5934,BHIM,0
T10456,C1039,A2039,nikhil832@oksbi,amit46@oksbi,C1055,customer,331.38,INR,P2P,03-04-2026 20:46,success,QR,D5049,L2766,BHIM,0
T10066,C1042,A2042,manoj694@paytm,petrolpointstore@easebuzz,,merchant,1443.62,INR,P2M,02-04-2026 08:21,success,QR,D5593,L9054,GPay,0
T10037,C1071,A2071,meena866@apl,levelup1@razorpay,,merchant,3248.67,INR,P2M,21-03-2026 15:07,success,mobile_app,D3141,L4246,BHIM,0
T10479,C1077,A2077,pooja142@paytm,betkingonline@razorpay,,merchant,149776.71,INR,P2M,02-04-2026 04:11,success,QR,D6679,L7616,BHIM,0
T10286,C1022,A2022,arun836@okicici,cryptonowstore@paytm,,merchant,485.38,INR,P2M,05-04-2026 01:50,failed,QR,D2390,L8175,PhonePe,0
T10467,C1051,A2051,meena352@apl,sachin13@ybl,C1009,customer,495.45,INR,P2P,25-03-2026 13:11,success,QR,D8215,L4185,Paytm,0
T10477,C1063,A2063,sanjay440@paytm,manoj185@okaxis,C1029,customer,222.07,INR,P2P,22-03-2026 15:18,success,QR,D9220,L9401,GPay,0
T10173,C1030,A2030,ritika966@okhdfcbank,speedfuelhub@upi,,merchant,9463.94,INR,P2M,23-03-2026 06:36,success,mobile_app,D8752,L9985,GPay,0
T10180,C1054,A2054,ritika464@upi,offshorevaultpvt@easebuzz,,merchant,5649.49,INR,P2M,01-04-2026 10:56,success,intent,D9715,L5404,BHIM,0
T10474,C1067,A2067,meena202@apl,petrolpointstore@easebuzz,,merchant,7440.85,INR,P2M,15-04-2026 23:39,success,intent,D1599,L4394,PhonePe,0
T10092,C1012,A2012,manoj174@paytm,speedfuelco@easebuzz,,merchant,6799.03,INR,P2M,27-03-2026 02:49,success,mobile_app,D5760,L6901,Paytm,0
T10208,C1009,A2009,sachin13@ybl,quickbazaarco@razorpay,,merchant,243.53,INR,P2M,08-04-2026 04:44,success,QR,D6706,L4120,Paytm,0
T10235,C1053,A2053,meena100@apl,meena145@paytm,C1076,customer,32586.93,INR,P2P,09-04-2026 17:46,success,intent,D6901,L1587,GPay,0
T10008,C1012,A2012,manoj174@paytm,kavita802@oksbi,C1016,customer,2747.74,INR,P2P,25-03-2026 05:15,success,intent,D2934,L1480,Paytm,1
T10122,C1026,A2026,manoj249@upi,anonpayindia1@upi,,merchant,366.23,INR,P2M,22-03-2026 03:18,success,intent,D3519,L1389,BHIM,0
T10062,C1022,A2022,arun836@okicici,neha182@paytm,C1024,customer,33403.07,INR,P2P,08-04-2026 18:32,success,mobile_app,D3422,L5225,Paytm,0
T10265,C1065,A2065,suresh721@oksbi,meena955@okhdfcbank,C1028,customer,419.03,INR,P2P,15-04-2026 16:37,success,QR,D4878,L9220,Paytm,0
T10415,C1021,A2021,mohan338@apl,bookmyflightindia1@upi,,merchant,8837.83,INR,P2M,12-04-2026 04:41,success,QR,D2626,L3527,Paytm,0
T10471,C1016,A2016,kavita802@oksbi,kiran603@okicici,C1047,customer,2725.13,INR,P2P,30-03-2026 12:11,success,mobile_app,D4098,L9773,Paytm,0
T10294,C1011,A2011,ritika573@okhdfcbank,deepa415@okicici,C1060,customer,6343.57,INR,P2P,31-03-2026 18:57,success,intent,D8379,L7750,PhonePe,0
T10264,C1018,A2018,ritika508@okhdfcbank,meena967@okhdfcbank,C1017,customer,5380.31,INR,P2P,07-04-2026 19:46,success,QR,D7974,L3945,BHIM,0
T10029,C1056,A2056,rahul352@oksbi,xr9281@apl,,customer,13305.44,INR,collect_request,25-03-2026 23:38,success,mobile_app,D4361,L9680,PhonePe,1
T10462,C1053,A2053,meena100@apl,meena967@okhdfcbank,C1017,customer,329.38,INR,P2P,02-04-2026 18:23,success,intent,D8140,L9407,Paytm,0
T10270,C1074,A2074,simran321@oksbi,cricketbetsstore1@paytm,,merchant,73.23,INR,P2M,11-04-2026 04:03,success,mobile_app,D3077,L9283,GPay,0
T10178,C1044,A2044,sunita101@ybl,shopmartpvt@paytm,,merchant,290.79,INR,collect_request,19-03-2026 01:54,success,QR,D5799,L4788,GPay,0
T10130,C1040,A2040,sunita255@upi,cricketbets77@razorpay,,merchant,197.76,INR,P2M,05-04-2026 07:56,success,QR,D8017,L3762,GPay,0
T10223,C1028,A2028,meena955@okhdfcbank,deepa675@okicici,C1034,customer,394.04,INR,collect_request,28-03-2026 11:35,success,mobile_app,D2083,L3901,BHIM,0
T10099,C1063,A2063,sanjay440@paytm,gadgetzoneonline@upi,,merchant,1673.79,INR,P2M,12-04-2026 05:53,success,mobile_app,D7203,L7607,PhonePe,0
T10083,C1016,A2016,kavita802@oksbi,anjali674@paytm,C1061,customer,6701.39,INR,P2P,28-03-2026 07:36,success,intent,D7112,L1230,Paytm,0
T10197,C1038,A2038,swati810@upi,gamershubstore@razorpay,,merchant,147.16,INR,P2M,27-03-2026 20:00,success,mobile_app,D9621,L5075,PhonePe,0
T10407,C1051,A2051,meena352@apl,gamershubstore@easebuzz,,merchant,315.97,INR,P2M,29-03-2026 21:27,success,intent,D1994,L9655,GPay,0
T10408,C1054,A2054,ritika464@upi,meena100@apl,C1053,customer,298.97,INR,P2P,04-04-2026 11:17,success,QR,D8147,L1340,PhonePe,0
T10209,C1044,A2044,sunita101@ybl,pooja499@okicici,C1078,customer,60.89,INR,P2P,25-03-2026 17:10,success,QR,D1735,L4825,PhonePe,0
T10289,C1009,A2009,sachin13@ybl,playzoneindia@upi,,merchant,113.72,INR,P2M,30-03-2026 10:01,success,intent,D3138,L1235,PhonePe,0
T10157,C1043,A2043,kiran989@paytm,coindealonline@easebuzz,,merchant,122411.91,INR,P2M,30-03-2026 18:42,success,intent,D8254,L7178,BHIM,0
T10250,C1026,A2026,manoj249@upi,amit613@apl,C1036,customer,297.21,INR,P2P,02-04-2026 18:03,success,intent,D6549,L9856,BHIM,0
T10196,C1007,A2007,sunita92@upi,gamershubindia@paytm,,merchant,384.56,INR,P2M,17-04-2026 14:03,success,QR,D9667,L1666,GPay,0
T10488,C1026,A2026,manoj249@upi,deepa415@okicici,C1060,customer,142.55,INR,P2P,02-04-2026 16:49,success,intent,D4325,L9232,BHIM,0
T10487,C1066,A2066,manoj819@okicici,betmaster@razorpay,,merchant,197.05,INR,P2M,13-04-2026 16:17,success,QR,D8835,L2126,BHIM,0
T10375,C1000,A2000,deepa76@oksbi,pooja798@oksbi,C1010,customer,332.73,INR,P2P,24-03-2026 22:50,success,intent,D7722,L6233,BHIM,0
T10207,C1064,A2064,rahul220@okhdfcbank,quickbazaaronline@razorpay,,merchant,364.04,INR,P2M,15-04-2026 08:55,success,mobile_app,D9589,L5034,PhonePe,0
T10350,C1069,A2069,rakesh321@paytm,petrolpointco@upi,,merchant,436.85,INR,P2M,24-03-2026 10:04,pending,QR,D8374,L6153,BHIM,0
T10396,C1057,A2057,simran169@okhdfcbank,playzonehub2@paytm,,merchant,5287.96,INR,P2M,05-04-2026 12:18,success,intent,D4053,L8112,BHIM,0
T10256,C1051,A2051,meena352@apl,rahul341@paytm,C1020,customer,157.36,INR,collect_request,04-04-2026 04:14,success,mobile_app,D8063,L8132,Paytm,0
T10412,C1002,A2002,ritika325@upi,shadowmart65@easebuzz,,merchant,167.36,INR,P2M,20-03-2026 04:31,failed,mobile_app,D6533,L8055,GPay,0
T10002,C1038,A2038,swati810@upi,xr8939@okicici,,customer,108025.44,INR,P2P,25-03-2026 02:24,success,intent,D4909,L1948,PhonePe,1
T10492,C1035,A2035,nikhil809@paytm,digitalmartonline@razorpay,,merchant,5839.64,INR,P2M,29-03-2026 04:23,success,QR,D7738,L2986,Paytm,0
T10443,C1031,A2031,sanjay299@oksbi,cryptoedge98@razorpay,,merchant,240.69,INR,P2M,01-04-2026 16:16,success,intent,D3742,L1008,GPay,0
T10100,C1010,A2010,pooja798@oksbi,sanjay440@paytm,C1063,customer,410.57,INR,P2P,11-04-2026 18:45,success,intent,D1291,L2681,BHIM,0
T10240,C1005,A2005,sunita90@okicici,cryptoedgepvt@paytm,,merchant,302.19,INR,P2M,30-03-2026 23:41,success,mobile_app,D6042,L5919,Paytm,0
T10069,C1022,A2022,arun836@okicici,winnersbetstore@upi,,merchant,424.82,INR,P2M,05-04-2026 03:08,success,intent,D4262,L5488,Paytm,0
T10434,C1011,A2011,ritika573@okhdfcbank,manoj185@okaxis,C1029,customer,6980.52,INR,P2P,20-03-2026 20:39,success,intent,D8259,L5544,GPay,0
T10036,C1041,A2041,anjali628@okaxis,leveluppvt@easebuzz,,merchant,370.02,INR,P2M,31-03-2026 06:23,success,mobile_app,D1509,L7625,BHIM,0
T10385,C1064,A2064,rahul220@okhdfcbank,quickbazaarindia@paytm,,merchant,202.63,INR,P2M,25-03-2026 12:28,success,QR,D2914,L6132,GPay,0
T10494,C1059,A2059,arun437@apl,shadowmart@paytm,,merchant,385.68,INR,P2M,25-03-2026 06:17,success,QR,D8606,L8942,BHIM,0
T10391,C1012,A2012,manoj174@paytm,techworld@razorpay,,merchant,1233.66,INR,P2M,23-03-2026 18:51,success,QR,D3519,L1473,GPay,0
T10145,C1077,A2077,pooja142@paytm,speedfuel36@paytm,,merchant,264.14,INR,P2M,24-03-2026 08:11,success,mobile_app,D8901,L3135,GPay,0
T10232,C1023,A2023,kavita618@okhdfcbank,swati502@ybl,C1079,customer,109.21,INR,P2P,11-04-2026 19:03,success,QR,D9904,L1094,BHIM,0
T10156,C1028,A2028,meena955@okhdfcbank,quickbazaarco@razorpay,,merchant,2750.73,INR,P2M,12-04-2026 05:05,success,mobile_app,D2185,L9243,Paytm,0
T10237,C1042,A2042,manoj694@paytm,offshorevaultpvt@easebuzz,,merchant,286.09,INR,P2M,13-04-2026 07:32,success,mobile_app,D8924,L5705,BHIM,0
T10194,C1066,A2066,manoj819@okicici,coindealindia@upi,,merchant,1394,INR,P2M,11-04-2026 04:46,success,mobile_app,D2617,L1521,BHIM,0
T10131,C1040,A2040,sunita255@upi,gadgetzoneindia@easebuzz,,merchant,149.69,INR,P2M,03-04-2026 17:34,success,QR,D8583,L8296,Paytm,0
T10433,C1048,A2048,meena495@oksbi,techworldco@upi,,merchant,374.02,INR,P2M,09-04-2026 11:28,success,intent,D8357,L3440,Paytm,0
T10283,C1063,A2063,sanjay440@paytm,betmasterstore1@razorpay,,merchant,338.15,INR,P2M,03-04-2026 15:33,success,QR,D1060,L9444,BHIM,0
T10078,C1064,A2064,rahul220@okhdfcbank,cryptoedgeonline@razorpay,,merchant,126.49,INR,P2M,24-03-2026 20:20,success,intent,D5237,L3999,Paytm,0
T10275,C1018,A2018,ritika508@okhdfcbank,simran169@okhdfcbank,C1057,customer,245.63,INR,P2P,13-04-2026 09:03,success,intent,D1672,L2595,Paytm,0
T10153,C1076,A2076,meena145@paytm,sanjay440@paytm,C1063,customer,398.12,INR,P2P,12-04-2026 18:58,success,QR,D4190,L1550,PhonePe,0
T10042,C1045,A2045,deepa765@okhdfcbank,divya834@ybl,C1072,customer,401.65,INR,P2P,27-03-2026 08:46,success,mobile_app,D6224,L4588,GPay,0
T10475,C1025,A2025,arun753@apl,ritika464@upi,C1054,customer,155.47,INR,P2P,05-04-2026 19:08,success,QR,D2388,L3200,GPay,0
T10358,C1046,A2046,sanjay401@apl,shadowmartonline@easebuzz,,merchant,38246.21,INR,P2M,13-04-2026 15:34,success,mobile_app,D5708,L5344,GPay,0
T10410,C1049,A2049,kavita943@oksbi,gadgetzone79@paytm,,merchant,126631.3,INR,P2M,26-03-2026 12:02,success,intent,D4394,L5627,GPay,0
T10318,C1014,A2014,suresh150@oksbi,simran143@ybl,C1033,customer,192.48,INR,P2P,20-03-2026 07:41,success,intent,D6192,L6633,PhonePe,0
T10079,C1011,A2011,ritika573@okhdfcbank,jetsetgopvt@easebuzz,,merchant,150.5,INR,P2M,31-03-2026 06:50,success,intent,D5817,L8598,GPay,0
T10221,C1023,A2023,kavita618@okhdfcbank,fastcash99hub@easebuzz,,merchant,493.68,INR,P2M,29-03-2026 21:47,success,mobile_app,D1427,L6886,GPay,0
T10258,C1056,A2056,rahul352@oksbi,anjali276@ybl,C1013,customer,480.15,INR,P2P,06-04-2026 00:44,success,QR,D9098,L2007,GPay,0
T10216,C1032,A2032,lata815@paytm,cryptonowhub@easebuzz,,merchant,9013.62,INR,collect_request,29-03-2026 14:05,failed,mobile_app,D6599,L7436,PhonePe,0
T10225,C1078,A2078,pooja499@okicici,anonpayhub@upi,,merchant,90070.82,INR,P2M,12-04-2026 21:52,success,mobile_app,D8399,L8485,GPay,0
T10241,C1000,A2000,deepa76@oksbi,divya834@ybl,C1072,customer,199.98,INR,P2P,27-03-2026 03:53,success,mobile_app,D6415,L6536,BHIM,0
T10085,C1021,A2021,mohan338@apl,xtremegaming61@razorpay,,merchant,70.57,INR,P2M,04-04-2026 00:52,success,QR,D3192,L6615,BHIM,0
T10193,C1068,A2068,sunita687@apl,offshorevaulthub@easebuzz,,merchant,2708.83,INR,P2M,03-04-2026 07:07,success,QR,D6276,L2809,GPay,0
T10203,C1009,A2009,sachin13@ybl,arjun605@oksbi,C1073,customer,8136.14,INR,P2P,02-04-2026 05:15,success,mobile_app,D7251,L2285,GPay,0
T10184,C1034,A2034,deepa675@okicici,shopmartonline@paytm,,merchant,1642.46,INR,P2M,06-04-2026 03:50,success,mobile_app,D2998,L5078,BHIM,0
T10335,C1009,A2009,sachin13@ybl,sunita101@ybl,C1044,customer,109.05,INR,P2P,09-04-2026 02:10,success,intent,D9570,L6604,PhonePe,0
T10427,C1046,A2046,sanjay401@apl,mohan534@apl,C1052,customer,115.95,INR,P2P,24-03-2026 22:48,success,QR,D4519,L8309,GPay,0
T10139,C1062,A2062,ankit756@okhdfcbank,meena967@okhdfcbank,C1017,customer,8984.55,INR,P2P,12-04-2026 14:45,success,intent,D5600,L4465,PhonePe,0
T10393,C1027,A2027,ankit837@paytm,sunita92@upi,C1007,customer,8214.02,INR,P2P,16-04-2026 20:59,success,QR,D2516,L7534,Paytm,0
T10421,C1051,A2051,meena352@apl,oilstoppvt1@easebuzz,,merchant,142.31,INR,P2M,04-04-2026 09:31,success,intent,D7627,L4232,Paytm,0
T10295,C1022,A2022,arun836@okicici,sanjay440@paytm,C1063,customer,1338.59,INR,P2P,02-04-2026 06:11,success,QR,D7861,L1074,PhonePe,0
T10146,C1055,A2055,amit46@oksbi,meena202@apl,C1067,customer,216.67,INR,P2P,11-04-2026 00:59,failed,QR,D6742,L2600,BHIM,0
T10155,C1075,A2075,deepa120@okicici,cryptoedgepvt@upi,,merchant,56.91,INR,P2M,14-04-2026 18:41,success,intent,D6703,L6693,Paytm,0
T10363,C1018,A2018,ritika508@okhdfcbank,playzonepvt@razorpay,,merchant,385.9,INR,P2M,21-03-2026 18:20,success,intent,D4335,L7757,Paytm,0
T10310,C1071,A2071,meena866@apl,quickbazaarindia@easebuzz,,merchant,2842.41,INR,P2M,15-04-2026 19:09,success,intent,D4437,L4693,Paytm,0
T10090,C1077,A2077,pooja142@paytm,bitswap@upi,,merchant,168.35,INR,P2M,26-03-2026 10:07,success,mobile_app,D9980,L9132,PhonePe,0
T10217,C1011,A2011,ritika573@okhdfcbank,bookmyflightpvt1@easebuzz,,merchant,5686.46,INR,P2M,30-03-2026 07:19,success,intent,D3502,L7987,Paytm,0
T10125,C1064,A2064,rahul220@okhdfcbank,ritika573@okhdfcbank,C1011,customer,404.1,INR,P2P,06-04-2026 03:39,failed,QR,D1504,L8765,PhonePe,0
T10101,C1052,A2052,mohan534@apl,cryptoedgeco@upi,,merchant,297.09,INR,P2M,02-04-2026 10:09,success,intent,D4389,L8474,Paytm,0
T10084,C1067,A2067,meena202@apl,winnersbetstore@upi,,merchant,354.54,INR,P2M,02-04-2026 18:53,success,mobile_app,D2682,L7284,Paytm,0
T10159,C1028,A2028,meena955@okhdfcbank,deepa765@okhdfcbank,C1045,customer,3069.37,INR,P2P,31-03-2026 10:06,success,mobile_app,D5706,L2523,BHIM,0
T10239,C1023,A2023,kavita618@okhdfcbank,neha182@paytm,C1024,customer,3094.49,INR,P2P,24-03-2026 08:40,success,intent,D4396,L7793,BHIM,0
T10218,C1077,A2077,pooja142@paytm,meena967@okhdfcbank,C1017,customer,294.01,INR,P2P,28-03-2026 10:59,success,mobile_app,D6062,L9582,PhonePe,0
T10399,C1072,A2072,divya834@ybl,anjali276@ybl,C1013,customer,84.44,INR,P2P,10-04-2026 04:38,success,intent,D5151,L6823,Paytm,0
T10259,C1027,A2027,ankit837@paytm,winnersbet92@easebuzz,,merchant,8985.35,INR,P2M,25-03-2026 21:07,success,QR,D9704,L5775,BHIM,0
T10120,C1069,A2069,rakesh321@paytm,jetsetgoonline@easebuzz,,merchant,1222.35,INR,P2M,09-04-2026 06:23,success,QR,D1718,L5856,PhonePe,0
T10344,C1024,A2024,neha182@paytm,fastcash99store@razorpay,,merchant,9052.79,INR,P2M,11-04-2026 12:05,success,intent,D2723,L7494,BHIM,0
T10281,C1007,A2007,sunita92@upi,simran143@ybl,C1033,customer,199.69,INR,P2P,28-03-2026 09:04,success,intent,D7432,L3923,BHIM,0
T10303,C1073,A2073,arjun605@oksbi,manoj819@okicici,C1066,customer,129700.56,INR,P2P,16-04-2026 08:31,pending,QR,D8581,L5573,GPay,0
T10489,C1035,A2035,nikhil809@paytm,meena352@apl,C1051,customer,495.99,INR,P2P,03-04-2026 14:27,success,intent,D9043,L8539,BHIM,0
T10046,C1069,A2069,rakesh321@paytm,manoj185@okaxis,C1029,customer,270.7,INR,P2P,10-04-2026 20:10,success,mobile_app,D6435,L4300,PhonePe,0
T10064,C1053,A2053,meena100@apl,winnersbethub1@easebuzz,,merchant,304.97,INR,collect_request,14-04-2026 22:51,failed,mobile_app,D5687,L9775,Paytm,0
T10390,C1072,A2072,divya834@ybl,speedfuel35@easebuzz,,merchant,6271.1,INR,P2M,27-03-2026 09:39,success,QR,D2258,L5033,BHIM,0
T10072,C1026,A2026,manoj249@upi,suresh390@okicici,C1001,customer,234.28,INR,P2P,27-03-2026 01:04,success,intent,D1138,L4666,Paytm,0
T10324,C1049,A2049,kavita943@oksbi,simran169@okhdfcbank,C1057,customer,178.09,INR,P2P,09-04-2026 04:49,success,intent,D7809,L8249,Paytm,0
T10026,C1026,A2026,manoj249@upi,xr9281@apl,,customer,15461.19,INR,collect_request,01-04-2026 23:36,success,mobile_app,D1104,L7718,GPay,1
T10098,C1055,A2055,amit46@oksbi,kavita943@oksbi,C1049,customer,3237.19,INR,P2P,17-04-2026 09:22,success,mobile_app,D1190,L3571,BHIM,0
T10035,C1068,A2068,sunita687@apl,tripeasyonline@easebuzz,,merchant,396.65,INR,P2M,26-03-2026 06:54,success,intent,D5984,L1660,PhonePe,0
T10251,C1006,A2006,pooja571@paytm,freshvegpvt@easebuzz,,merchant,261.83,INR,P2M,06-04-2026 15:53,success,mobile_app,D8304,L6826,Paytm,0
T10468,C1005,A2005,sunita90@okicici,meena955@okhdfcbank,C1028,customer,37877.2,INR,P2P,04-04-2026 03:11,success,intent,D5029,L3925,PhonePe,0
T10003,C1070,A2070,divya602@oksbi,sanjay401@apl,C1046,customer,4794.3,INR,P2P,12-04-2026 10:24,success,mobile_app,D8118,L2900,BHIM,1
T10322,C1041,A2041,anjali628@okaxis,shopmarthub@razorpay,,merchant,338.59,INR,P2M,28-03-2026 03:18,success,mobile_app,D2369,L9821,BHIM,0
T10226,C1031,A2031,sanjay299@oksbi,cryptoedgeonline@razorpay,,merchant,228.03,INR,P2M,21-03-2026 00:42,success,mobile_app,D5770,L8201,BHIM,0
T10093,C1054,A2054,ritika464@upi,digitalmarthub@easebuzz,,merchant,1854.99,INR,P2M,26-03-2026 21:56,success,QR,D6857,L8171,Paytm,0
T10164,C1022,A2022,arun836@okicici,techworldonline@upi,,merchant,104.17,INR,P2M,28-03-2026 20:49,success,QR,D2650,L6331,Paytm,0
T10376,C1061,A2061,anjali674@paytm,deepa120@okicici,C1075,customer,2201.59,INR,P2P,28-03-2026 06:44,success,mobile_app,D7791,L7022,PhonePe,0
T10420,C1053,A2053,meena100@apl,freshvegindia@upi,,merchant,356.39,INR,P2M,04-04-2026 08:14,success,mobile_app,D5583,L9647,PhonePe,0
T10423,C1066,A2066,manoj819@okicici,rakesh321@paytm,C1069,customer,336.06,INR,P2P,02-04-2026 09:23,success,intent,D7926,L9278,GPay,0
T10113,C1006,A2006,pooja571@paytm,bitswaponline@paytm,,merchant,64257.65,INR,P2M,21-03-2026 05:57,pending,mobile_app,D5117,L4327,BHIM,0
T10440,C1018,A2018,ritika508@okhdfcbank,anjali283@paytm,C1015,customer,195.9,INR,P2P,16-04-2026 14:50,success,intent,D4874,L9076,BHIM,0
T10351,C1056,A2056,rahul352@oksbi,bookmyflight@upi,,merchant,64.79,INR,P2M,26-03-2026 14:31,failed,QR,D8056,L3203,Paytm,0
T10127,C1015,A2015,anjali283@paytm,divya602@oksbi,C1070,customer,307.72,INR,collect_request,04-04-2026 07:53,success,mobile_app,D7760,L9397,PhonePe,0
T10340,C1012,A2012,manoj174@paytm,quickbazaarpvt@easebuzz,,merchant,7869.2,INR,P2M,13-04-2026 17:04,success,mobile_app,D2616,L4506,BHIM,0
T10027,C1053,A2053,meena100@apl,meena955@okhdfcbank,C1028,customer,4763.26,INR,P2P,09-04-2026 04:25,success,mobile_app,D9872,L6675,GPay,1
T10276,C1055,A2055,amit46@oksbi,deepa675@okicici,C1034,customer,6868.59,INR,P2P,15-04-2026 23:53,success,QR,D8554,L4961,PhonePe,0
T10105,C1005,A2005,sunita90@okicici,xtremegamingstore@razorpay,,merchant,127245.27,INR,P2M,16-04-2026 05:52,success,intent,D3205,L9172,GPay,0
T10401,C1040,A2040,sunita255@upi,coindealindia@razorpay,,merchant,254.75,INR,P2M,27-03-2026 17:22,success,mobile_app,D4032,L2281,Paytm,0
T10175,C1056,A2056,rahul352@oksbi,jetsetgo16@upi,,merchant,2181.49,INR,P2M,03-04-2026 10:09,success,QR,D8654,L9856,Paytm,0
T10169,C1042,A2042,manoj694@paytm,cricketbetsstore1@paytm,,merchant,212.14,INR,P2M,24-03-2026 12:31,success,QR,D4259,L9821,PhonePe,0
T10117,C1073,A2073,arjun605@oksbi,petrolpoint29@razorpay,,merchant,82.8,INR,P2M,21-03-2026 22:42,success,intent,D3611,L7814,BHIM,0
T10012,C1054,A2054,ritika464@upi,anjali628@okaxis,C1041,customer,7853,INR,P2P,26-03-2026 16:41,success,intent,D3734,L7024,PhonePe,1
T10147,C1017,A2017,meena967@okhdfcbank,coindeal@razorpay,,merchant,394.64,INR,P2M,07-04-2026 11:23,success,QR,D4096,L1089,GPay,0
T10331,C1006,A2006,pooja571@paytm,techworldindia@paytm,,merchant,238.78,INR,P2M,22-03-2026 08:47,success,intent,D4175,L4002,GPay,0
T10212,C1048,A2048,meena495@oksbi,mohan338@apl,C1021,customer,348.59,INR,P2P,17-04-2026 15:15,success,QR,D1869,L8617,GPay,0
T10266,C1052,A2052,mohan534@apl,sanjay780@ybl,C1004,customer,90689.33,INR,P2P,24-03-2026 03:07,success,intent,D8889,L2311,PhonePe,0
T10020,C1053,A2053,meena100@apl,meena955@okhdfcbank,C1028,customer,3044.63,INR,P2P,09-04-2026 04:24,success,mobile_app,D4656,L9450,GPay,1
T10329,C1003,A2003,sunita6@ybl,digitalmartonline@razorpay,,merchant,174.75,INR,P2M,10-04-2026 23:04,success,intent,D8144,L5225,BHIM,0
T10429,C1053,A2053,meena100@apl,rakesh566@okicici,C1058,customer,2299.12,INR,P2P,13-04-2026 07:46,success,mobile_app,D4483,L8461,BHIM,0
T10465,C1059,A2059,arun437@apl,winnersbethub1@easebuzz,,merchant,199.02,INR,P2M,03-04-2026 14:08,success,mobile_app,D2717,L8443,GPay,0
T10448,C1068,A2068,sunita687@apl,cricketbetshub@razorpay,,merchant,424.44,INR,P2M,05-04-2026 21:47,pending,intent,D6864,L7336,PhonePe,0
T10168,C1062,A2062,ankit756@okhdfcbank,shadowmart@paytm,,merchant,302.96,INR,P2M,29-03-2026 02:18,success,QR,D8807,L2577,BHIM,0
T10378,C1025,A2025,arun753@apl,swati502@ybl,C1079,customer,433.32,INR,P2P,22-03-2026 23:02,success,QR,D3787,L2922,GPay,0
T10227,C1038,A2038,swati810@upi,manoj548@paytm,C1037,customer,3573.23,INR,P2P,12-04-2026 17:35,success,mobile_app,D8595,L8400,GPay,0
T10454,C1063,A2063,sanjay440@paytm,cricketbetsstore@easebuzz,,merchant,391.56,INR,P2M,13-04-2026 11:34,failed,QR,D6181,L1084,BHIM,0
T10371,C1032,A2032,lata815@paytm,anonpaystore@easebuzz,,merchant,189.17,INR,P2M,13-04-2026 14:29,success,mobile_app,D8248,L7364,GPay,0
T10449,C1001,A2001,suresh390@okicici,meena955@okhdfcbank,C1028,customer,216.72,INR,P2P,05-04-2026 00:10,success,mobile_app,D2474,L5967,PhonePe,0
T10019,C1054,A2054,ritika464@upi,xr6882@okaxis,,customer,155851.01,INR,P2P,18-03-2026 16:32,success,mobile_app,D7108,L2956,GPay,1
T10328,C1003,A2003,sunita6@ybl,deepa415@okicici,C1060,customer,2386.22,INR,P2P,01-04-2026 14:27,success,QR,D3938,L9059,PhonePe,0
T10104,C1052,A2052,mohan534@apl,sunita964@okicici,C1050,customer,324.88,INR,P2P,27-03-2026 21:18,success,intent,D6536,L2765,BHIM,0
T10192,C1069,A2069,rakesh321@paytm,playzonehub1@paytm,,merchant,50.32,INR,P2M,05-04-2026 07:27,failed,intent,D4912,L6254,GPay,0
T10077,C1053,A2053,meena100@apl,quickbazaarstore@easebuzz,,merchant,381.53,INR,P2M,29-03-2026 10:20,success,intent,D9759,L8794,Paytm,0
T10103,C1012,A2012,manoj174@paytm,manoj548@paytm,C1037,customer,2995.72,INR,P2P,23-03-2026 19:09,success,mobile_app,D3689,L9067,PhonePe,0
T10151,C1020,A2020,rahul341@paytm,oilstopstore2@razorpay,,merchant,278.75,INR,P2M,21-03-2026 03:55,success,mobile_app,D7375,L1086,GPay,0
T10459,C1038,A2038,swati810@upi,sunita92@upi,C1007,customer,4886.55,INR,P2P,06-04-2026 03:42,success,QR,D2570,L7735,PhonePe,0
T10191,C1041,A2041,anjali628@okaxis,quickbucks32@razorpay,,merchant,3477.92,INR,P2M,13-04-2026 10:05,success,mobile_app,D8362,L5844,Paytm,0
T10070,C1059,A2059,arun437@apl,sunita6@ybl,C1003,customer,335.93,INR,P2P,09-04-2026 07:01,success,mobile_app,D8775,L6730,Paytm,0
T10030,C1032,A2032,lata815@paytm,mule243@okicici,,customer,2173.3,INR,P2P,26-03-2026 16:07,success,QR,D9061,L1981,PhonePe,1
T10040,C1048,A2048,meena495@oksbi,kavita618@okhdfcbank,C1023,customer,2555.26,INR,P2P,25-03-2026 20:26,success,mobile_app,D5026,L5835,BHIM,0
T10317,C1036,A2036,amit613@apl,playzonehub@easebuzz,,merchant,124.86,INR,P2M,27-03-2026 03:35,success,intent,D3514,L3641,PhonePe,0
T10124,C1051,A2051,meena352@apl,xtremegaminghub@upi,,merchant,57.6,INR,P2M,21-03-2026 16:57,success,intent,D1745,L2189,Paytm,0
T10387,C1055,A2055,amit46@oksbi,oilstopco1@upi,,merchant,3839.89,INR,collect_request,08-04-2026 23:54,success,mobile_app,D4095,L3435,GPay,0
T10485,C1024,A2024,neha182@paytm,shadowmartindia@easebuzz,,merchant,197.98,INR,P2M,23-03-2026 16:48,success,intent,D3910,L1525,BHIM,0
T10377,C1050,A2050,sunita964@okicici,cricketbetsstore@easebuzz,,merchant,9502.81,INR,P2M,14-04-2026 18:00,success,intent,D4747,L2457,BHIM,0
T10121,C1041,A2041,anjali628@okaxis,sunita687@apl,C1068,customer,476.7,INR,P2P,28-03-2026 20:51,success,intent,D4492,L7950,GPay,0
T10158,C1031,A2031,sanjay299@oksbi,quickbucks40@easebuzz,,merchant,9651.15,INR,P2M,11-04-2026 00:48,success,mobile_app,D5224,L2106,BHIM,0
T10063,C1008,A2008,swati612@upi,cricketbets1@upi,,merchant,300.36,INR,P2M,19-03-2026 05:40,success,intent,D9561,L7874,GPay,0
T10388,C1029,A2029,manoj185@okaxis,arun437@apl,C1059,customer,261.61,INR,P2P,11-04-2026 15:53,pending,mobile_app,D8233,L6841,BHIM,0
T10315,C1029,A2029,manoj185@okaxis,simran321@oksbi,C1074,customer,5676.58,INR,P2P,03-04-2026 11:27,success,QR,D9686,L9986,BHIM,0
T10010,C1013,A2013,anjali276@ybl,sunita101@ybl,C1044,customer,7027.34,INR,P2P,30-03-2026 15:44,success,QR,D2262,L9128,BHIM,1
T10416,C1042,A2042,manoj694@paytm,meena100@apl,C1053,customer,2106.85,INR,P2P,10-04-2026 15:08,success,QR,D5698,L9274,PhonePe,0
T10473,C1078,A2078,pooja499@okicici,petrolpointindia@upi,,merchant,278.88,INR,P2M,12-04-2026 19:49,success,QR,D3932,L6272,Paytm,0
T10360,C1054,A2054,ritika464@upi,speedfuelstore1@easebuzz,,merchant,408.04,INR,P2M,13-04-2026 20:21,success,QR,D4278,L7788,BHIM,0
T10300,C1041,A2041,anjali628@okaxis,arun753@apl,C1025,customer,156.7,INR,P2P,10-04-2026 12:01,success,intent,D8936,L1890,BHIM,0
T10257,C1069,A2069,rakesh321@paytm,betkingonline@razorpay,,merchant,2557.77,INR,collect_request,11-04-2026 06:14,success,mobile_app,D8584,L6330,GPay,0
T10119,C1057,A2057,simran169@okhdfcbank,bookmyflighthub@easebuzz,,merchant,339.02,INR,collect_request,03-04-2026 05:11,success,QR,D2857,L7322,Paytm,0
T10379,C1067,A2067,meena202@apl,cricketbetshub@razorpay,,merchant,464,INR,P2M,28-03-2026 11:57,success,mobile_app,D5361,L5717,BHIM,0
T10327,C1025,A2025,arun753@apl,gamershubindia@upi,,merchant,221.8,INR,P2M,16-04-2026 01:05,success,QR,D9095,L8593,PhonePe,0
T10261,C1078,A2078,pooja499@okicici,manoj548@paytm,C1037,customer,66587.64,INR,P2P,21-03-2026 05:10,failed,mobile_app,D6885,L2797,Paytm,0
T10195,C1062,A2062,ankit756@okhdfcbank,sanjay401@apl,C1046,customer,365.59,INR,P2P,19-03-2026 06:31,success,mobile_app,D9051,L2310,BHIM,0
T10229,C1075,A2075,deepa120@okicici,xtremegaminghub@paytm,,merchant,9062.15,INR,P2M,26-03-2026 14:20,success,intent,D3024,L2494,GPay,0
T10299,C1062,A2062,ankit756@okhdfcbank,rahul352@oksbi,C1056,customer,81.89,INR,P2P,28-03-2026 06:50,success,intent,D6336,L4769,GPay,0
T10311,C1045,A2045,deepa765@okhdfcbank,pooja571@paytm,C1006,customer,5532.09,INR,P2P,11-04-2026 05:46,success,intent,D9629,L3010,BHIM,0
T10009,C1051,A2051,meena352@apl,mule734@okaxis,,customer,3874.11,INR,P2P,05-04-2026 13:16,success,QR,D5456,L9582,GPay,1
T10171,C1043,A2043,kiran989@paytm,sachin13@ybl,C1009,customer,325.54,INR,P2P,02-04-2026 20:30,success,QR,D5773,L5382,BHIM,0
T10460,C1076,A2076,meena145@paytm,tripeasyonline@easebuzz,,merchant,6616.07,INR,P2M,23-03-2026 13:16,success,QR,D1425,L8439,Paytm,0
T10246,C1056,A2056,rahul352@oksbi,petrolpointonline@razorpay,,merchant,409.56,INR,P2M,13-04-2026 01:20,failed,QR,D6363,L3347,GPay,0
T10341,C1046,A2046,sanjay401@apl,freshvegpvt@easebuzz,,merchant,2666.13,INR,P2M,06-04-2026 01:33,success,QR,D4510,L9425,PhonePe,0
T10162,C1063,A2063,sanjay440@paytm,gamershubindia@upi,,merchant,7878.2,INR,P2M,02-04-2026 22:45,success,QR,D5501,L9041,PhonePe,0
T10352,C1049,A2049,kavita943@oksbi,shadowmartindia@paytm,,merchant,99.22,INR,P2M,10-04-2026 10:39,success,QR,D3560,L9301,GPay,0
T10389,C1058,A2058,rakesh566@okicici,techworldstore@razorpay,,merchant,430.63,INR,P2M,01-04-2026 10:17,success,mobile_app,D3757,L9335,Paytm,0
T10325,C1020,A2020,rahul341@paytm,meena100@apl,C1053,customer,9733.25,INR,P2P,22-03-2026 19:33,success,mobile_app,D4404,L5968,BHIM,0
T10089,C1079,A2079,swati502@ybl,offshorevaultonline@razorpay,,merchant,2234.47,INR,P2M,01-04-2026 08:39,success,mobile_app,D2741,L9154,PhonePe,0
T10170,C1036,A2036,amit613@apl,cryptoedgeco@razorpay,,merchant,352.94,INR,P2M,17-04-2026 10:14,success,QR,D8598,L3373,PhonePe,0
T10068,C1062,A2062,ankit756@okhdfcbank,fastcash99online2@upi,,merchant,8804.7,INR,P2M,12-04-2026 05:44,success,QR,D3222,L9589,GPay,0
T10355,C1031,A2031,sanjay299@oksbi,gadgetzoneonline@razorpay,,merchant,341.64,INR,P2M,24-03-2026 04:38,success,QR,D3781,L1322,Paytm,0
T10394,C1022,A2022,arun836@okicici,ritika325@upi,C1002,customer,396.89,INR,P2P,07-04-2026 04:06,success,QR,D3525,L2975,Paytm,0
T10347,C1060,A2060,deepa415@okicici,xtremegaming40@upi,,merchant,9551.25,INR,P2M,23-03-2026 21:08,success,mobile_app,D5107,L9017,BHIM,0
T10198,C1071,A2071,meena866@apl,arjun605@oksbi,C1073,customer,4736.66,INR,P2P,08-04-2026 08:51,success,mobile_app,D3733,L3955,BHIM,0
T10356,C1004,A2004,sanjay780@ybl,leveluphub@razorpay,,merchant,438.52,INR,P2M,10-04-2026 10:30,success,intent,D1364,L6185,BHIM,0
T10323,C1011,A2011,ritika573@okhdfcbank,quickbazaarhub@razorpay,,merchant,65219.31,INR,P2M,05-04-2026 03:56,failed,QR,D3423,L8006,Paytm,0
T10166,C1053,A2053,meena100@apl,levelupco@razorpay,,merchant,4350.79,INR,P2M,15-04-2026 14:14,success,intent,D4744,L2636,Paytm,0
T10307,C1058,A2058,rakesh566@okicici,arun437@apl,C1059,customer,7725.58,INR,P2P,07-04-2026 07:33,success,mobile_app,D7068,L8607,GPay,0
T10048,C1047,A2047,kiran603@okicici,playzone@razorpay,,merchant,6959.26,INR,P2M,26-03-2026 06:46,success,intent,D8157,L8982,Paytm,0
T10128,C1020,A2020,rahul341@paytm,suresh150@oksbi,C1014,customer,327.6,INR,P2P,21-03-2026 06:38,success,intent,D8557,L2198,Paytm,0
T10087,C1015,A2015,anjali283@paytm,lata815@paytm,C1032,customer,342.74,INR,P2P,16-04-2026 11:14,success,mobile_app,D2771,L1323,GPay,0
T10291,C1025,A2025,arun753@apl,gamershubstore@easebuzz,,merchant,415.18,INR,P2M,15-04-2026 14:19,success,intent,D3250,L6268,PhonePe,0
T10435,C1021,A2021,mohan338@apl,tripeasyhub1@upi,,merchant,6147.95,INR,P2M,14-04-2026 18:58,success,mobile_app,D4152,L9877,GPay,0
T10405,C1021,A2021,mohan338@apl,ankit756@okhdfcbank,C1062,customer,7649.03,INR,P2P,16-04-2026 01:06,success,mobile_app,D4298,L5830,BHIM,0
T10274,C1021,A2021,mohan338@apl,oilstoppvt@paytm,,merchant,264.3,INR,P2M,06-04-2026 01:46,success,intent,D7390,L8775,Paytm,0
T10364,C1036,A2036,amit613@apl,gadgetzone1@paytm,,merchant,3308.02,INR,P2M,19-03-2026 23:33,success,mobile_app,D6087,L8604,BHIM,0
T10052,C1001,A2001,suresh390@okicici,lata815@paytm,C1032,customer,162.29,INR,P2P,20-03-2026 23:22,success,QR,D8179,L7875,PhonePe,0
T10255,C1059,A2059,arun437@apl,arjun605@oksbi,C1073,customer,3540.32,INR,P2P,23-03-2026 19:55,success,QR,D2162,L5949,BHIM,0
T10306,C1071,A2071,meena866@apl,ankit837@paytm,C1027,customer,7238.44,INR,P2P,23-03-2026 00:59,success,mobile_app,D8860,L5994,PhonePe,0
T10392,C1058,A2058,rakesh566@okicici,offshorevaultstore@paytm,,merchant,6935.85,INR,P2M,03-04-2026 15:05,success,mobile_app,D8423,L6323,PhonePe,0
T10154,C1078,A2078,pooja499@okicici,deepa76@oksbi,C1000,customer,66.23,INR,collect_request,01-04-2026 00:45,success,QR,D6785,L7474,BHIM,0
T10210,C1047,A2047,kiran603@okicici,pooja571@paytm,C1006,customer,377.82,INR,P2P,25-03-2026 19:19,success,QR,D1225,L6624,GPay,0
T10111,C1003,A2003,sunita6@ybl,deepa675@okicici,C1034,customer,73.88,INR,P2P,01-04-2026 13:12,success,intent,D5105,L3399,GPay,0
T10453,C1071,A2071,meena866@apl,pooja571@paytm,C1006,customer,1017.59,INR,P2P,07-04-2026 09:19,success,QR,D2994,L9491,BHIM,0
T10034,C1034,A2034,deepa675@okicici,simran321@oksbi,C1074,customer,474.6,INR,P2P,09-04-2026 11:03,success,QR,D6145,L7660,GPay,0
T10022,C1006,A2006,pooja571@paytm,xr9281@apl,,customer,144215.04,INR,P2P,30-03-2026 00:04,success,QR,D6362,L2415,BHIM,1
T10188,C1011,A2011,ritika573@okhdfcbank,leveluppvt@razorpay,,merchant,274.96,INR,collect_request,21-03-2026 13:14,pending,mobile_app,D6824,L3521,GPay,0
T10491,C1022,A2022,arun836@okicici,gadgetzoneonline@razorpay,,merchant,7599.2,INR,P2M,23-03-2026 06:34,success,QR,D1715,L4927,PhonePe,0
T10332,C1076,A2076,meena145@paytm,winnersbet92@paytm,,merchant,5893.41,INR,P2M,31-03-2026 19:32,success,intent,D6939,L2570,Paytm,0
T10142,C1007,A2007,sunita92@upi,gadgetzone1@paytm,,merchant,465.1,INR,P2M,19-03-2026 12:58,success,intent,D5644,L2404,PhonePe,0
T10497,C1056,A2056,rahul352@oksbi,anonpayhub@upi,,merchant,8528.51,INR,P2M,23-03-2026 15:02,success,QR,D6051,L8274,GPay,0
T10336,C1038,A2038,swati810@upi,ritika508@okhdfcbank,C1018,customer,416.56,INR,P2P,28-03-2026 19:45,success,mobile_app,D2287,L7960,GPay,0
T10033,C1009,A2009,sachin13@ybl,coindealstore@razorpay,,merchant,78.03,INR,P2M,02-04-2026 22:17,success,QR,D6345,L6211,BHIM,0
T10112,C1037,A2037,manoj548@paytm,simran169@okhdfcbank,C1057,customer,293.53,INR,P2P,14-04-2026 21:55,success,mobile_app,D7371,L4892,Paytm,0
T10234,C1023,A2023,kavita618@okhdfcbank,sanjay780@ybl,C1004,customer,343.97,INR,P2P,02-04-2026 02:59,success,QR,D2436,L1803,GPay,0
T10108,C1057,A2057,simran169@okhdfcbank,levelupindia@easebuzz,,merchant,2243.62,INR,P2M,14-04-2026 05:30,success,QR,D4560,L4291,PhonePe,0
T10199,C1064,A2064,rahul220@okhdfcbank,xtremegaminghub@razorpay,,merchant,121.18,INR,collect_request,14-04-2026 08:10,failed,QR,D7090,L7755,BHIM,0
T10006,C1052,A2052,mohan534@apl,mule734@okaxis,,customer,17479.33,INR,collect_request,22-03-2026 20:16,success,mobile_app,D9133,L6680,Paytm,1
T10161,C1030,A2030,ritika966@okhdfcbank,arun753@apl,C1025,customer,8854.68,INR,P2P,04-04-2026 22:04,success,mobile_app,D2747,L2964,GPay,0
T10334,C1024,A2024,neha182@paytm,petrolpointco@upi,,merchant,6027.9,INR,P2M,14-04-2026 09:22,success,intent,D2867,L7837,BHIM,0
T10205,C1067,A2067,meena202@apl,rahul220@okhdfcbank,C1064,customer,292.97,INR,P2P,06-04-2026 17:01,success,QR,D9269,L2475,PhonePe,0
T10007,C1062,A2062,ankit756@okhdfcbank,mule422@apl,,customer,4523.7,INR,P2P,20-03-2026 23:40,success,mobile_app,D7092,L3079,Paytm,1
T10088,C1014,A2014,suresh150@oksbi,gamershub91@easebuzz,,merchant,221.11,INR,P2M,19-03-2026 02:07,success,QR,D7895,L2654,Paytm,0
T10495,C1008,A2008,swati612@upi,betkinghub@upi,,merchant,345.66,INR,P2M,26-03-2026 11:16,success,mobile_app,D1295,L2646,PhonePe,0
T10182,C1006,A2006,pooja571@paytm,xtremegamingstore@upi,,merchant,13098.32,INR,P2M,19-03-2026 00:50,success,mobile_app,D2477,L3468,GPay,0
T10054,C1009,A2009,sachin13@ybl,simran143@ybl,C1033,customer,1300.72,INR,collect_request,26-03-2026 21:27,success,QR,D3636,L2228,GPay,0
T10109,C1079,A2079,swati502@ybl,gamershubstore@upi,,merchant,7179.5,INR,collect_request,27-03-2026 06:26,success,intent,D9888,L6281,GPay,0
T10118,C1011,A2011,ritika573@okhdfcbank,jetsetgopvt@upi,,merchant,447.53,INR,P2M,13-04-2026 09:21,success,QR,D1144,L2879,Paytm,0
T10061,C1073,A2073,arjun605@oksbi,sanjay780@ybl,C1004,customer,5286.36,INR,P2P,15-04-2026 09:06,failed,intent,D3415,L2970,BHIM,0
T10219,C1055,A2055,amit46@oksbi,divya834@ybl,C1072,customer,146608.77,INR,P2P,14-04-2026 16:37,success,intent,D2939,L4016,Paytm,0
T10480,C1074,A2074,simran321@oksbi,oilstopstore1@razorpay,,merchant,1107.02,INR,collect_request,29-03-2026 16:25,success,mobile_app,D4438,L8773,PhonePe,0
T10202,C1012,A2012,manoj174@paytm,sanjay401@apl,C1046,customer,210.05,INR,P2P,31-03-2026 01:49,success,QR,D2505,L7550,PhonePe,0
T10277,C1066,A2066,manoj819@okicici,divya602@oksbi,C1070,customer,360.63,INR,P2P,21-03-2026 22:26,success,mobile_app,D7737,L2600,GPay,0
T10478,C1035,A2035,nikhil809@paytm,sanjay780@ybl,C1004,customer,23777.28,INR,P2P,03-04-2026 14:52,success,QR,D5959,L5496,PhonePe,0
T10106,C1067,A2067,meena202@apl,simran321@oksbi,C1074,customer,5979.04,INR,P2P,27-03-2026 05:43,success,intent,D3845,L3103,GPay,0
T10319,C1047,A2047,kiran603@okicici,jetsetgoonline@razorpay,,merchant,488.96,INR,collect_request,11-04-2026 21:08,success,mobile_app,D8504,L6246,PhonePe,0
T10097,C1008,A2008,swati612@upi,gamershubstore@easebuzz,,merchant,191.41,INR,P2M,15-04-2026 01:33,success,mobile_app,D6542,L9504,GPay,0
T10320,C1000,A2000,deepa76@oksbi,oilstophub@upi,,merchant,86460.38,INR,P2M,01-04-2026 16:56,success,intent,D3409,L8243,Paytm,0
T10287,C1017,A2017,meena967@okhdfcbank,quickbazaarindia@easebuzz,,merchant,61.41,INR,P2M,13-04-2026 21:03,success,intent,D6041,L9186,BHIM,0
T10165,C1078,A2078,pooja499@okicici,deepa675@okicici,C1034,customer,2684.37,INR,P2P,05-04-2026 09:36,success,mobile_app,D9171,L7945,PhonePe,0
T10167,C1030,A2030,ritika966@okhdfcbank,sanjay139@ybl,C1019,customer,435.34,INR,P2P,08-04-2026 02:22,success,QR,D3203,L9470,Paytm,0
T10417,C1010,A2010,pooja798@oksbi,sanjay299@oksbi,C1031,customer,371.84,INR,P2P,08-04-2026 02:37,success,mobile_app,D3260,L8025,BHIM,0
T10055,C1043,A2043,kiran989@paytm,cryptonowhub@easebuzz,,merchant,326.14,INR,P2M,17-04-2026 02:51,success,QR,D3573,L1877,GPay,0
T10262,C1003,A2003,sunita6@ybl,sunita255@upi,C1040,customer,366,INR,P2P,08-04-2026 18:18,success,intent,D4460,L3841,BHIM,0
